{"classifier_config":{"score_threshold":"0.4","penalty_unmatched_entities":false,"score_penalty":"0.4","classifier_type":"hybrid_classifier","embedding_type":"BERT"},"preprocessing_policy":{"stop_word_removal":false,"lemma_conversion":true,"punctuation_removal":true,"case_insensitive_check":false,"custom_stopwords":"Email , firstName"},"variables":[],"custom_synonyms":[{"synonym_key":"email","synonym_value":"registered email, email id"}],"exit_condition":{"query_for_exit":"exit conversation","text_display_end_conversation":"Thank you. You have exited conversation"}}