{
	"classifier_config": {
		"score_threshold": 0.40,
		"penalty_unmatched_entities": false,
		"score_penalty": 0.40,
		"classifier_type": "hybrid_classifier",
		"embedding_type": "BERT"
	},
	"preprocessing_policy": {
		"case_insensitive_check": false,
		"stop_word_removal": false,
		"punctuation_removal": true,
		"lemma_conversion": false,
		"custom_stopwords": ""
	},
	"exit_condition": {
		"query_for_exit": "exit conversation",
		"text_display_end_conversation": "Thank you. You have exited conversation"
	},
	"variables": [{
		"variable_key": "",
		"variable_value": ""
	}],
	"custom_synonyms": []
}